lag,model,n_total,mae_pooled,rmse_pooled,pearson_pooled,delta_mae_vs_elo
1,P2-W0_elo,1132,38.628667374585525,50.366998630337356,0.10982529102094059,0.0
1,P2-W1_elo_between,1043,38.18464035945494,49.71767769237662,0.14049546603675783,-0.44402701513058673
1,P2-W2_elo_within,1043,38.36565285718958,50.000944291899934,0.1057644267030415,-0.26301451739594484
1,P2-W3_elo_between_within,1043,38.28806260509023,49.81226587280861,0.1352741066938792,-0.34060476949529317
2,P2-W0_elo,1047,55.418380494795784,68.77560932766542,0.15253282366269524,0.0
2,P2-W1_elo_between,958,55.083204497259516,68.42911900578189,0.18499573483267528,-0.33517599753626826
2,P2-W2_elo_within,958,55.50830262132935,68.86687677319783,0.14833738696854912,0.08992212653356546
2,P2-W3_elo_between_within,958,54.994757651563305,68.3016422569992,0.1924842020904848,-0.42362284323247934
3,P2-W0_elo,960,63.34578263200662,79.34797564685991,0.1741588426325952,0.0
3,P2-W1_elo_between,871,62.630652173427876,78.25033297875818,0.2118245594292368,-0.7151304585787415
3,P2-W2_elo_within,871,62.943353280058915,78.82897804892856,0.17125799525595187,-0.4024293519477027
3,P2-W3_elo_between_within,871,62.51945059435405,78.06673306430095,0.22124057371459424,-0.8263320376525698
4,P2-W0_elo,872,69.39996943017098,86.73995172224932,0.1862872715119831,0.0
4,P2-W1_elo_between,783,68.75467884760765,85.58189585613869,0.22189469580270724,-0.6452905825633337
4,P2-W2_elo_within,783,68.93104713631818,86.34090096789883,0.18073598696184986,-0.46892229385279904
4,P2-W3_elo_between_within,783,68.79804013297071,85.37548338258016,0.23312543182700138,-0.6019292972002717
5,P2-W0_elo,786,74.46440610986448,92.89377151267738,0.180567118090401,0.0
5,P2-W1_elo_between,697,73.40751448865257,91.48503325316176,0.23228111271370736,-1.0568916212119177
5,P2-W2_elo_within,697,73.84770032091639,92.2652165363808,0.1995495966947939,-0.6167057889480958
5,P2-W3_elo_between_within,697,73.42956760718081,91.10160052039576,0.25159422641354345,-1.0348385026836695
