lag,model,n_total,test_times,mae_pooled,rmse_pooled,pearson_pooled,spearman_pooled,delta_mae_vs_E0
1,P2-E0_elo,1132,13,38.628667374585525,50.366998630337356,0.10982529102094059,0.09260129941215295,0.0
1,P2-E1_abroad,1132,13,38.68644695954598,50.84127489711454,0.0024137778316166017,0.007716402771167418,0.05777958496045699
1,P2-E2_elo_abroad,1132,13,38.50041196117141,50.180769865583066,0.14798440502134824,0.14331789236621256,-0.1282554134141165
1,P2-E3_elo_abroad_u23,1132,13,38.43200446106699,50.074919440620334,0.1557058056465649,0.13782561805653318,-0.19666291351853715
2,P2-E0_elo,1047,12,55.418380494795784,68.77560932766542,0.15253282366269524,0.1280921307292368,0.0
2,P2-E1_abroad,1047,12,55.732418338067454,69.91167149569068,-0.02012581538653269,-0.007598478563156981,0.31403784327167017
2,P2-E2_elo_abroad,1047,12,54.91122470099103,68.52164767881263,0.18783681593301896,0.17698555984999853,-0.5071557938047562
2,P2-E3_elo_abroad_u23,1047,12,54.71029090419821,68.20199056277666,0.19818684278018314,0.17344875550059569,-0.7080895905975737
3,P2-E0_elo,960,11,63.34578263200662,79.34797564685991,0.1741588426325952,0.14085516338810286,0.0
3,P2-E1_abroad,960,11,63.97750020652696,80.7761546528198,0.0053009350072324105,-0.009727258194381213,0.6317175745203443
3,P2-E2_elo_abroad,960,11,62.814267804579664,78.54616691967504,0.23006377051832033,0.19752318376834904,-0.5315148274269532
3,P2-E3_elo_abroad_u23,960,11,62.72321035042986,78.7890621351992,0.2129283633509561,0.1789722907463216,-0.6225722815767583
4,P2-E0_elo,872,10,69.39996943017098,86.73995172224932,0.1862872715119831,0.1337259100021834,0.0
4,P2-E1_abroad,872,10,69.89664067338,88.6577242459844,0.015399034241859875,0.005341778527946918,0.4966712432090219
4,P2-E2_elo_abroad,872,10,69.22819161650698,85.93067671841304,0.24716000111375813,0.20805117863400166,-0.1717778136640078
4,P2-E3_elo_abroad_u23,872,10,68.6749225501643,85.99002774670778,0.23350385955812236,0.18557585118719688,-0.7250468800066869
5,P2-E0_elo,786,9,74.46440610986448,92.89377151267738,0.180567118090401,0.1217079013569711,0.0
5,P2-E1_abroad,786,9,74.42910640173577,94.64548874692885,0.06562889998251227,0.061733979984654776,-0.03529970812871852
5,P2-E2_elo_abroad,786,9,73.76449106138739,91.47337194548881,0.2623867186180587,0.2172284164639599,-0.6999150484770951
5,P2-E3_elo_abroad_u23,786,9,73.56890123593656,91.58162997456806,0.255102841210317,0.21273397445507497,-0.8955048739279192
