lag,variant,mae_pooled,rmse_pooled,pearson_pooled,mae_delta_vs_full
1,full_elo_dom_abr,55.90495094610579,71.49645423078485,-0.18210653185475134,0.0
1,remove_domestic,47.762163447723175,63.20086904866585,0.03118314031304294,-8.142787498382617
1,remove_abroad,50.6461386412199,66.26886727091677,0.03423872812577622,-5.258812304885893
2,full_elo_dom_abr,59.17267396232569,74.56982825595777,0.26332121637293093,0.0
2,remove_domestic,51.16456665715571,67.21484986312979,0.24924801075314298,-8.008107305169979
2,remove_abroad,51.84140920866027,68.1814004025552,0.3568900312558961,-7.3312647536654225
3,full_elo_dom_abr,56.419824147755335,73.92927776007683,0.37802313980349017,0.0
3,remove_domestic,54.79156366056739,68.83375602921991,0.43252570598822176,-1.6282604871879442
3,remove_abroad,61.618452095610955,81.70832245957419,0.2885571145874541,5.19862794785562
4,full_elo_dom_abr,52.47624437647867,68.53271010180202,0.6353187755053891,0.0
4,remove_domestic,56.29562529612182,70.91966461040454,0.6310478714232546,3.8193809196431516
4,remove_abroad,55.75686323791156,78.40292852424076,0.5531147794261991,3.2806188614328917
5,full_elo_dom_abr,69.69318849128938,82.22863074359083,0.46755217251863307,0.0
5,remove_domestic,50.28584330323016,62.874691833400945,0.7233222797147186,-19.407345188059217
5,remove_abroad,88.61593886387985,129.7052105011504,0.12220503516657842,18.92275037259047
