lag,model,n_total,test_times,mae_pooled,rmse_pooled,pearson_pooled,spearman_pooled,mae_loco_pooled,rmse_loco_pooled
1,P2-M0_elo,65,13,42.50218529278864,55.539932417047496,0.20286663625528778,0.15458588884374735,42.5699195620992,53.825896292463874
1,P2-M1_domestic,60,12,50.3757209896825,69.73238629850428,-0.052148949820648306,-0.19007656010005627,45.71044572576283,60.41824604883521
1,P2-M2_abroad,60,12,47.28015941582849,61.957312015859536,-0.150087651361426,-0.14008420167607946,46.01716430724116,59.20350315022255
1,P2-M3_domestic_plus_abroad,55,11,53.33918104937966,75.50334892253919,-0.1872638900768289,-0.10567712457753771,52.28887242550767,67.40851394353727
1,P2-M4_deoi,65,13,42.309439441087825,56.83482412400022,-0.07179520508872664,-0.04473876918749481,41.29158294826137,54.18874407185353
1,P2-M5_total_exposure,65,13,44.66231579866108,57.838686911424865,0.03772503789026782,-0.16968822861343905,40.90650633558283,54.052664974414625
2,P2-M0_elo,60,12,47.617601362408394,62.53730189973404,0.3009313207701207,0.2315280526009799,49.91843701944287,65.55287788460997
2,P2-M1_domestic,55,11,67.97808032212492,93.58740544503257,-0.11834963764322373,-0.21440940960642077,62.952894767412474,80.1142339994453
2,P2-M2_abroad,55,11,54.35956295010305,66.46458597724771,-0.012396024492654773,-0.05234865444033595,59.816607203186166,74.31069153572889
2,P2-M3_domestic_plus_abroad,50,10,74.15298074801504,98.72326044279735,-0.047226102681577606,-0.037841861456740004,76.19166559444962,94.71639662901596
2,P2-M4_deoi,60,12,53.88609676272037,69.03165621106007,-0.05278711984699592,-0.07283185620105236,51.17824079907616,66.40830372739417
2,P2-M5_total_exposure,60,12,51.6325417394096,64.38235590754648,0.06699779706535701,-0.03987551073960707,53.438785472541305,68.1366784373406
3,P2-M0_elo,55,11,55.417170764134575,73.10653390880472,0.3813475361202021,0.3554689660969344,58.38841919200559,75.74974071781992
3,P2-M1_domestic,50,10,82.35703789900391,108.79772622470516,-0.04099554841648833,-0.2779472219766871,70.52145294079241,90.1531035143908
3,P2-M2_abroad,50,10,65.49793503837599,80.224409701894,0.045137228353636524,-0.052352250208154295,75.19251011842718,94.38880092174871
3,P2-M3_domestic_plus_abroad,45,9,83.42623010972883,109.53787238162825,-0.06058649244544631,-0.18904227432507695,84.74236833309142,106.30556257275386
3,P2-M4_deoi,55,11,62.96498301271226,80.70849592036572,-0.14617034273605217,-0.19407912795730917,60.34633049239668,80.65200028000042
3,P2-M5_total_exposure,55,11,61.14765510791084,79.06868880715808,-0.060218315411625145,-0.20714041152684737,65.83881808540004,83.75746292886063
4,P2-M0_elo,50,10,63.69989281220654,81.26749583460678,0.4335437821291246,0.38456551592077914,67.85506768201884,85.75677690143664
4,P2-M1_domestic,45,9,93.50109617010332,130.46922470893554,-0.2034982527543132,-0.0839976284845446,82.24567059543881,103.40543882013729
4,P2-M2_abroad,45,9,75.19941956847798,90.44961505946254,0.24058700069927158,0.2319652156032012,88.9824560727217,107.44244926292447
4,P2-M3_domestic_plus_abroad,40,8,97.35271081950847,120.70419428300393,0.12940839953916647,0.049066516774711265,101.15832726678134,119.45445349340774
4,P2-M4_deoi,50,10,70.26101169817302,89.20288824145835,0.0279156340976718,-0.023290993409287943,71.89989377524729,93.29792788112175
4,P2-M5_total_exposure,50,10,77.13087808167376,95.90086020564733,-0.08461403231410138,-0.09873460298865158,78.92787801951647,98.52181106209413
5,P2-M0_elo,45,9,67.11021916694776,84.52795143111928,0.47792402850554,0.40094867996622624,74.24957051209942,92.1887713235481
5,P2-M1_domestic,40,8,111.15432412809905,158.67823019926854,-0.10167545138098315,-0.206585984584922,105.39010207880781,125.64743512253635
5,P2-M2_abroad,40,8,80.05122441496717,95.51809274657627,0.1456644450148171,0.14504174939522682,101.68601803388286,119.85339246322104
5,P2-M3_domestic_plus_abroad,35,7,113.14820892024399,138.35385817778155,0.1669742977050059,0.09427090721424974,120.06158988755935,136.7768142362429
5,P2-M4_deoi,45,9,82.99060886006423,103.19995306362826,-0.19119232876606806,-0.14236774521968698,87.90153376556907,107.8125277674297
5,P2-M5_total_exposure,45,9,81.46069113039952,97.70718456653206,-0.08546836368207067,-0.13090453945003147,99.48209228541654,114.84470751347669
