stage,quantity,value,unit,note
analysis_a,federations,5,count,"Germany, England, Spain, Italy, France (Group A)"
analysis_a,team_seasons,70,count,"5 federations x 14 seasons"
analysis_a,season_min,2012,season_label,"season t means season t/(t+1)"
analysis_a,season_max,2025,season_label,"season t means season t/(t+1)"
analysis_a,horizons,5,count,"t+1 .. t+5"
analysis_a,eval_rows_elo_t1,65,rows,"M0 Elo baseline, t+1"
analysis_a,eval_rows_elo_t2,60,rows,"M0 Elo baseline, t+2"
analysis_a,eval_rows_elo_t3,55,rows,"M0 Elo baseline, t+3"
analysis_a,eval_rows_elo_t4,50,rows,"M0 Elo baseline, t+4"
analysis_a,eval_rows_elo_t5,45,rows,"M0 Elo baseline, t+5"
analysis_b,federations,90,count,"5 Group A + 85 Group B"
analysis_b,team_seasons,1216,count,"federation-season rows"
analysis_b,group_a_federations,5,count,"own top-5 domestic league observable"
analysis_b,group_b_federations,85,count,"abroad observable; domestic unobserved"
analysis_b,group_b_rows,1146,count,"Group B rows; domestic value missing in all of them"
analysis_b,group_b_domestic_zeros,0,count,"unobserved domestic is never coded as zero"
analysis_b,season_min,2012,season_label,"season t means season t/(t+1)"
analysis_b,season_max,2025,season_label,"season t means season t/(t+1)"
analysis_b,horizons,5,count,"t+1 .. t+5"
analysis_b,eval_rows_t1,1132,rows,"E0 Elo baseline, t+1"
analysis_b,eval_rows_t2,1047,rows,"E0 Elo baseline, t+2"
analysis_b,eval_rows_t3,960,rows,"E0 Elo baseline, t+3"
analysis_b,eval_rows_t4,872,rows,"E0 Elo baseline, t+4"
analysis_b,eval_rows_t5,786,rows,"E0 Elo baseline, t+5"
analysis_b,eval_rows_loco_t3,1044,rows,"leave-one-country-out pool at t+3"
both,target,"future national-team Elo change",description,"Elo at t+lag minus Elo at t"
both,primary_metric,"pooled out-of-time MAE",unit,"Elo points; lower is better"
both,evaluation,"expanding-window rolling-origin",design,"time-aware; never a random split"
both,domestic_exposure,"domestic U23 minutes at ELITE_A clubs",definition,"ELITE_A = club finished top 4 of its league that season"
both,abroad_exposure,"all-age elite minutes in the other four top-5 leagues",definition,"citizenship match; club passes at least one elite flag"
both,u23_abroad_exposure,"U23 subset of abroad elite minutes",definition,"age on 30 June of season t+1 is 23 or under"
both,deoi,"unweighted mean of z-scores of three domestic components",definition,"transparency index, not a validated scalar"
